"LOCATION","INDICATOR","SUBJECT","MEASURE","FREQUENCY","TIME","Value","Flag Codes"
"KOR","QGDP","TOT","PC_CHGPP","Q","2018-Q2",0.688244533,
"KOR","QGDP","TOT","PC_CHGPP","Q","2018-Q3",0.616673977,
"KOR","QGDP","TOT","PC_CHGPP","Q","2018-Q4",0.644164091,
"KOR","QGDP","TOT","PC_CHGPP","Q","2019-Q1",-0.067736397,
"KOR","QGDP","TOT","PC_CHGPP","Q","2019-Q2",1.092481064,
"KOR","QGDP","TOT","PC_CHGPP","Q","2019-Q3",0.415327871,
"KOR","QGDP","TOT","PC_CHGPP","Q","2019-Q4",1.216302313,
"KOR","QGDP","TOT","PC_CHGPP","Q","2020-Q1",-1.276259202,
"KOR","QGDP","TOT","PC_CHGPP","Q","2020-Q2",-3.01546504,
"KOR","QGDP","TOT","PC_CHGPP","Q","2020-Q3",2.314953096,
"KOR","QGDP","TOT","PC_CHGPP","Q","2020-Q4",1.34605072,
"KOR","QGDP","TOT","PC_CHGPP","Q","2021-Q1",1.786997745,
"KOR","QGDP","TOT","PC_CHGPP","Q","2021-Q2",0.880678161,
"KOR","QGDP","TOT","PC_CHGPP","Q","2021-Q3",0.12722835,
"KOR","QGDP","TOT","PC_CHGPP","Q","2021-Q4",1.395438784,
"KOR","QGDP","TOT","PC_CHGPP","Q","2022-Q1",0.660557888,
"KOR","QGDP","TOT","PC_CHGPP","Q","2022-Q2",0.750468621,
"KOR","QGDP","TOT","PC_CHGPP","Q","2022-Q3",0.233726766,
"KOR","QGDP","TOT","PC_CHGPP","Q","2022-Q4",-0.302968296,
"KOR","QGDP","TOT","PC_CHGPP","Q","2023-Q1",0.329874547,
"KOR","QGDP","TOT","PC_CHGPP","Q","2023-Q2",0.588418476,
"AUS","QGDP","TOT","PC_CHGPP","Q","2018-Q2",0.731190533,
"AUS","QGDP","TOT","PC_CHGPP","Q","2018-Q3",0.440927257,
"AUS","QGDP","TOT","PC_CHGPP","Q","2018-Q4",0.235301091,
"AUS","QGDP","TOT","PC_CHGPP","Q","2019-Q1",0.541636855,
"AUS","QGDP","TOT","PC_CHGPP","Q","2019-Q2",0.439326484,
"AUS","QGDP","TOT","PC_CHGPP","Q","2019-Q3",0.699340282,
"AUS","QGDP","TOT","PC_CHGPP","Q","2019-Q4",0.517131432,
"AUS","QGDP","TOT","PC_CHGPP","Q","2020-Q1",-0.206713961,
"AUS","QGDP","TOT","PC_CHGPP","Q","2020-Q2",-6.693087597,
"AUS","QGDP","TOT","PC_CHGPP","Q","2020-Q3",3.78768268,
"AUS","QGDP","TOT","PC_CHGPP","Q","2020-Q4",3.354144593,
"AUS","QGDP","TOT","PC_CHGPP","Q","2021-Q1",2.045634878,
"AUS","QGDP","TOT","PC_CHGPP","Q","2021-Q2",0.777937746,
"AUS","QGDP","TOT","PC_CHGPP","Q","2021-Q3",-2.119060089,
"AUS","QGDP","TOT","PC_CHGPP","Q","2021-Q4",3.877629694,
"AUS","QGDP","TOT","PC_CHGPP","Q","2022-Q1",0.580481852,
"AUS","QGDP","TOT","PC_CHGPP","Q","2022-Q2",0.825496592,
"AUS","QGDP","TOT","PC_CHGPP","Q","2022-Q3",0.612460401,
"AUS","QGDP","TOT","PC_CHGPP","Q","2022-Q4",0.577788876,
"AUS","QGDP","TOT","PC_CHGPP","Q","2023-Q1",0.23317027,
"ISL","QGDP","TOT","PC_CHGPP","Q","2018-Q2",2.434846662,
"ISL","QGDP","TOT","PC_CHGPP","Q","2018-Q3",-1.224601853,
"ISL","QGDP","TOT","PC_CHGPP","Q","2018-Q4",2.670331951,
"ISL","QGDP","TOT","PC_CHGPP","Q","2019-Q1",-0.619228742,
"ISL","QGDP","TOT","PC_CHGPP","Q","2019-Q2",0.424519614,
"ISL","QGDP","TOT","PC_CHGPP","Q","2019-Q3",-1.09733248,
"ISL","QGDP","TOT","PC_CHGPP","Q","2019-Q4",2.787268386,
"ISL","QGDP","TOT","PC_CHGPP","Q","2020-Q1",-6.052123546,
"ISL","QGDP","TOT","PC_CHGPP","Q","2020-Q2",-6.668670574,
"ISL","QGDP","TOT","PC_CHGPP","Q","2020-Q3",3.140361555,
"ISL","QGDP","TOT","PC_CHGPP","Q","2020-Q4",2.874924009,
"ISL","QGDP","TOT","PC_CHGPP","Q","2021-Q1",-2.38689818,
"ISL","QGDP","TOT","PC_CHGPP","Q","2021-Q2",3.418195593,
"ISL","QGDP","TOT","PC_CHGPP","Q","2021-Q3",2.642689582,
"ISL","QGDP","TOT","PC_CHGPP","Q","2021-Q4",3.511719095,
"ISL","QGDP","TOT","PC_CHGPP","Q","2022-Q1",-1.472015764,
"ISL","QGDP","TOT","PC_CHGPP","Q","2022-Q2",3.220668575,
"ISL","QGDP","TOT","PC_CHGPP","Q","2022-Q3",0.235724205,
"ISL","QGDP","TOT","PC_CHGPP","Q","2022-Q4",2.184471979,
"ISL","QGDP","TOT","PC_CHGPP","Q","2023-Q1",0.334398188,
"GBR","QGDP","TOT","PC_CHGPP","Q","2018-Q2",0.454842112,
"GBR","QGDP","TOT","PC_CHGPP","Q","2018-Q3",0.555787083,
"GBR","QGDP","TOT","PC_CHGPP","Q","2018-Q4",0.257173624,
"GBR","QGDP","TOT","PC_CHGPP","Q","2019-Q1",0.630363596,
"GBR","QGDP","TOT","PC_CHGPP","Q","2019-Q2",0.109963441,
"GBR","QGDP","TOT","PC_CHGPP","Q","2019-Q3",0.610854174,
"GBR","QGDP","TOT","PC_CHGPP","Q","2019-Q4",-0.025112203,
"GBR","QGDP","TOT","PC_CHGPP","Q","2020-Q1",-2.640828448,
"GBR","QGDP","TOT","PC_CHGPP","Q","2020-Q2",-20.991372606,
"GBR","QGDP","TOT","PC_CHGPP","Q","2020-Q3",16.608614293,
"GBR","QGDP","TOT","PC_CHGPP","Q","2020-Q4",1.213880983,
"GBR","QGDP","TOT","PC_CHGPP","Q","2021-Q1",-1.052939341,
"GBR","QGDP","TOT","PC_CHGPP","Q","2021-Q2",6.52844295,
"GBR","QGDP","TOT","PC_CHGPP","Q","2021-Q3",1.733513287,
"GBR","QGDP","TOT","PC_CHGPP","Q","2021-Q4",1.525013404,
"GBR","QGDP","TOT","PC_CHGPP","Q","2022-Q1",0.487184155,
"GBR","QGDP","TOT","PC_CHGPP","Q","2022-Q2",0.05129824,
"GBR","QGDP","TOT","PC_CHGPP","Q","2022-Q3",-0.093938796,
"GBR","QGDP","TOT","PC_CHGPP","Q","2022-Q4",0.129018134,
"GBR","QGDP","TOT","PC_CHGPP","Q","2023-Q1",0.14462236,
"GBR","QGDP","TOT","PC_CHGPP","Q","2023-Q2",0.204720013,
"EST","QGDP","TOT","PC_CHGPP","Q","2018-Q2",0.869806081,
"EST","QGDP","TOT","PC_CHGPP","Q","2018-Q3",0.862931047,
"EST","QGDP","TOT","PC_CHGPP","Q","2018-Q4",1.107363554,
"EST","QGDP","TOT","PC_CHGPP","Q","2019-Q1",1.526249623,
"EST","QGDP","TOT","PC_CHGPP","Q","2019-Q2",0.166900455,
"EST","QGDP","TOT","PC_CHGPP","Q","2019-Q3",0.294783059,
"EST","QGDP","TOT","PC_CHGPP","Q","2019-Q4",1.155286517,
"EST","QGDP","TOT","PC_CHGPP","Q","2020-Q1",0.71607627,
"EST","QGDP","TOT","PC_CHGPP","Q","2020-Q2",-6.730633783,
"EST","QGDP","TOT","PC_CHGPP","Q","2020-Q3",4.671273845,
"EST","QGDP","TOT","PC_CHGPP","Q","2020-Q4",2.707694561,
"EST","QGDP","TOT","PC_CHGPP","Q","2021-Q1",2.85952716,
"EST","QGDP","TOT","PC_CHGPP","Q","2021-Q2",2.605918386,
"EST","QGDP","TOT","PC_CHGPP","Q","2021-Q3",0.729485006,
"EST","QGDP","TOT","PC_CHGPP","Q","2021-Q4",0.46242475,
"EST","QGDP","TOT","PC_CHGPP","Q","2022-Q1",-0.777853608,
"EST","QGDP","TOT","PC_CHGPP","Q","2022-Q2",-1.05175024,
"EST","QGDP","TOT","PC_CHGPP","Q","2022-Q3",-1.091789905,
"EST","QGDP","TOT","PC_CHGPP","Q","2022-Q4",-1.004297259,
"EST","QGDP","TOT","PC_CHGPP","Q","2023-Q1",-0.611931217,
"EST","QGDP","TOT","PC_CHGPP","Q","2023-Q2",-0.296460374,
"DNK","QGDP","TOT","PC_CHGPP","Q","2018-Q2",0.502598831,
"DNK","QGDP","TOT","PC_CHGPP","Q","2018-Q3",0.602133078,
"DNK","QGDP","TOT","PC_CHGPP","Q","2018-Q4",0.499343436,
"DNK","QGDP","TOT","PC_CHGPP","Q","2019-Q1",-0.218151328,
"DNK","QGDP","TOT","PC_CHGPP","Q","2019-Q2",1.005162294,
"DNK","QGDP","TOT","PC_CHGPP","Q","2019-Q3",0.457313711,
"DNK","QGDP","TOT","PC_CHGPP","Q","2019-Q4",-0.304142897,
"DNK","QGDP","TOT","PC_CHGPP","Q","2020-Q1",-0.985289712,
"DNK","QGDP","TOT","PC_CHGPP","Q","2020-Q2",-6.167225845,
"DNK","QGDP","TOT","PC_CHGPP","Q","2020-Q3",5.671760356,
"DNK","QGDP","TOT","PC_CHGPP","Q","2020-Q4",1.075382372,
"DNK","QGDP","TOT","PC_CHGPP","Q","2021-Q1",1.612552156,
"DNK","QGDP","TOT","PC_CHGPP","Q","2021-Q2",2.702363554,
"DNK","QGDP","TOT","PC_CHGPP","Q","2021-Q3",0.944194599,
"DNK","QGDP","TOT","PC_CHGPP","Q","2021-Q4",2.407830222,
"DNK","QGDP","TOT","PC_CHGPP","Q","2022-Q1",-0.817038856,
"DNK","QGDP","TOT","PC_CHGPP","Q","2022-Q2",0.660915669,
"DNK","QGDP","TOT","PC_CHGPP","Q","2022-Q3",0.009385694,
"DNK","QGDP","TOT","PC_CHGPP","Q","2022-Q4",0.470474005,
"DNK","QGDP","TOT","PC_CHGPP","Q","2023-Q1",0.56353234,
"DNK","QGDP","TOT","PC_CHGPP","Q","2023-Q2",0.199981858,
"ESP","QGDP","TOT","PC_CHGPP","Q","2018-Q2",0.585880251,
"ESP","QGDP","TOT","PC_CHGPP","Q","2018-Q3",0.52041551,
"ESP","QGDP","TOT","PC_CHGPP","Q","2018-Q4",0.659258956,
"ESP","QGDP","TOT","PC_CHGPP","Q","2019-Q1",0.608861527,
"ESP","QGDP","TOT","PC_CHGPP","Q","2019-Q2",0.346200217,
"ESP","QGDP","TOT","PC_CHGPP","Q","2019-Q3",0.295000101,
"ESP","QGDP","TOT","PC_CHGPP","Q","2019-Q4",0.217169436,
"ESP","QGDP","TOT","PC_CHGPP","Q","2020-Q1",-5.48725517,"P"
"ESP","QGDP","TOT","PC_CHGPP","Q","2020-Q2",-17.826255917,"P"
"ESP","QGDP","TOT","PC_CHGPP","Q","2020-Q3",16.637933629,"P"
"ESP","QGDP","TOT","PC_CHGPP","Q","2020-Q4",-0.058975087,"P"
"ESP","QGDP","TOT","PC_CHGPP","Q","2021-Q1",-0.228663315,"P"
"ESP","QGDP","TOT","PC_CHGPP","Q","2021-Q2",1.352205559,"P"
"ESP","QGDP","TOT","PC_CHGPP","Q","2021-Q3",3.108188446,"P"
"ESP","QGDP","TOT","PC_CHGPP","Q","2021-Q4",2.26529089,"P"
"ESP","QGDP","TOT","PC_CHGPP","Q","2022-Q1",-0.573839954,"P"
"ESP","QGDP","TOT","PC_CHGPP","Q","2022-Q2",2.791828726,"P"
"ESP","QGDP","TOT","PC_CHGPP","Q","2022-Q3",0.387178437,"P"
"ESP","QGDP","TOT","PC_CHGPP","Q","2022-Q4",0.414004686,"P"
"ESP","QGDP","TOT","PC_CHGPP","Q","2023-Q1",0.520072656,"P"
"ESP","QGDP","TOT","PC_CHGPP","Q","2023-Q2",0.420518918,"P"
"JPN","QGDP","TOT","PC_CHGPP","Q","2018-Q2",0.33330216,
"JPN","QGDP","TOT","PC_CHGPP","Q","2018-Q3",-0.519834716,
"JPN","QGDP","TOT","PC_CHGPP","Q","2018-Q4",-0.133593998,
"JPN","QGDP","TOT","PC_CHGPP","Q","2019-Q1",0.205088027,
"JPN","QGDP","TOT","PC_CHGPP","Q","2019-Q2",0.355016925,
"JPN","QGDP","TOT","PC_CHGPP","Q","2019-Q3",0.203548756,
"JPN","QGDP","TOT","PC_CHGPP","Q","2019-Q4",-2.745062089,
"JPN","QGDP","TOT","PC_CHGPP","Q","2020-Q1",0.388020523,
"JPN","QGDP","TOT","PC_CHGPP","Q","2020-Q2",-7.85382221,
"JPN","QGDP","TOT","PC_CHGPP","Q","2020-Q3",5.625075278,
"JPN","QGDP","TOT","PC_CHGPP","Q","2020-Q4",1.924518285,
"JPN","QGDP","TOT","PC_CHGPP","Q","2021-Q1",-0.251317714,
"JPN","QGDP","TOT","PC_CHGPP","Q","2021-Q2",0.530419062,
"JPN","QGDP","TOT","PC_CHGPP","Q","2021-Q3",-0.401995663,
"JPN","QGDP","TOT","PC_CHGPP","Q","2021-Q4",1.105104862,
"JPN","QGDP","TOT","PC_CHGPP","Q","2022-Q1",-0.534690595,
"JPN","QGDP","TOT","PC_CHGPP","Q","2022-Q2",1.250568243,
"JPN","QGDP","TOT","PC_CHGPP","Q","2022-Q3",-0.311244018,
"JPN","QGDP","TOT","PC_CHGPP","Q","2022-Q4",0.044362119,
"JPN","QGDP","TOT","PC_CHGPP","Q","2023-Q1",0.916380151,
"JPN","QGDP","TOT","PC_CHGPP","Q","2023-Q2",1.47777412,
"OECD","QGDP","TOT","PC_CHGPP","Q","2018-Q2",0.617571673,
"OECD","QGDP","TOT","PC_CHGPP","Q","2018-Q3",0.263610954,
"OECD","QGDP","TOT","PC_CHGPP","Q","2018-Q4",0.218797245,
"OECD","QGDP","TOT","PC_CHGPP","Q","2019-Q1",0.556388451,
"OECD","QGDP","TOT","PC_CHGPP","Q","2019-Q2",0.580853547,
"OECD","QGDP","TOT","PC_CHGPP","Q","2019-Q3",0.48829871,
"OECD","QGDP","TOT","PC_CHGPP","Q","2019-Q4",0.021381665,
"OECD","QGDP","TOT","PC_CHGPP","Q","2020-Q1",-1.617056924,
"OECD","QGDP","TOT","PC_CHGPP","Q","2020-Q2",-10.280349671,
"OECD","QGDP","TOT","PC_CHGPP","Q","2020-Q3",9.378943421,
"OECD","QGDP","TOT","PC_CHGPP","Q","2020-Q4",1.095318055,
"OECD","QGDP","TOT","PC_CHGPP","Q","2021-Q1",0.918700343,
"OECD","QGDP","TOT","PC_CHGPP","Q","2021-Q2",1.763409354,
"OECD","QGDP","TOT","PC_CHGPP","Q","2021-Q3",1.14006115,
"OECD","QGDP","TOT","PC_CHGPP","Q","2021-Q4",1.387273913,
"OECD","QGDP","TOT","PC_CHGPP","Q","2022-Q1",0.222322483,
"OECD","QGDP","TOT","PC_CHGPP","Q","2022-Q2",0.467942306,
"OECD","QGDP","TOT","PC_CHGPP","Q","2022-Q3",0.441415057,
"OECD","QGDP","TOT","PC_CHGPP","Q","2022-Q4",0.207196423,
"OECD","QGDP","TOT","PC_CHGPP","Q","2023-Q1",0.497283377,
"OECD","QGDP","TOT","PC_CHGPP","Q","2023-Q2",0.4,
"NOR","QGDP","TOT","PC_CHGPP","Q","2018-Q2",0.300808205,
"NOR","QGDP","TOT","PC_CHGPP","Q","2018-Q3",0.6300102,
"NOR","QGDP","TOT","PC_CHGPP","Q","2018-Q4",0.033674237,
"NOR","QGDP","TOT","PC_CHGPP","Q","2019-Q1",-0.443113704,
"NOR","QGDP","TOT","PC_CHGPP","Q","2019-Q2",0.859924439,
"NOR","QGDP","TOT","PC_CHGPP","Q","2019-Q3",0.568205142,
"NOR","QGDP","TOT","PC_CHGPP","Q","2019-Q4",0.828953858,
"NOR","QGDP","TOT","PC_CHGPP","Q","2020-Q1",-1.316029175,
"NOR","QGDP","TOT","PC_CHGPP","Q","2020-Q2",-5.342636369,
"NOR","QGDP","TOT","PC_CHGPP","Q","2020-Q3",4.264227535,
"NOR","QGDP","TOT","PC_CHGPP","Q","2020-Q4",1.247431013,
"NOR","QGDP","TOT","PC_CHGPP","Q","2021-Q1",-0.341314443,
"NOR","QGDP","TOT","PC_CHGPP","Q","2021-Q2",1.282167177,
"NOR","QGDP","TOT","PC_CHGPP","Q","2021-Q3",3.244772437,
"NOR","QGDP","TOT","PC_CHGPP","Q","2021-Q4",0.447454467,
"NOR","QGDP","TOT","PC_CHGPP","Q","2022-Q1",-0.572922624,
"NOR","QGDP","TOT","PC_CHGPP","Q","2022-Q2",1.165815315,
"NOR","QGDP","TOT","PC_CHGPP","Q","2022-Q3",1.240325526,
"NOR","QGDP","TOT","PC_CHGPP","Q","2022-Q4",-0.085476669,
"NOR","QGDP","TOT","PC_CHGPP","Q","2023-Q1",0.33566784,
"NOR","QGDP","TOT","PC_CHGPP","Q","2023-Q2",0.035855528,
"HUN","QGDP","TOT","PC_CHGPP","Q","2018-Q2",0.903708375,
"HUN","QGDP","TOT","PC_CHGPP","Q","2018-Q3",1.494804487,
"HUN","QGDP","TOT","PC_CHGPP","Q","2018-Q4",1.043904181,
"HUN","QGDP","TOT","PC_CHGPP","Q","2019-Q1",1.95721666,
"HUN","QGDP","TOT","PC_CHGPP","Q","2019-Q2",0.293932954,
"HUN","QGDP","TOT","PC_CHGPP","Q","2019-Q3",1.427125351,
"HUN","QGDP","TOT","PC_CHGPP","Q","2019-Q4",0.55856632,
"HUN","QGDP","TOT","PC_CHGPP","Q","2020-Q1",-0.400000038,
"HUN","QGDP","TOT","PC_CHGPP","Q","2020-Q2",-14.499999966,
"HUN","QGDP","TOT","PC_CHGPP","Q","2020-Q3",11.800000001,
"HUN","QGDP","TOT","PC_CHGPP","Q","2020-Q4",1.599999956,
"HUN","QGDP","TOT","PC_CHGPP","Q","2021-Q1",1.10000004,
"HUN","QGDP","TOT","PC_CHGPP","Q","2021-Q2",2.40000004,
"HUN","QGDP","TOT","PC_CHGPP","Q","2021-Q3",1.399999929,
"HUN","QGDP","TOT","PC_CHGPP","Q","2021-Q4",2.399999996,
"HUN","QGDP","TOT","PC_CHGPP","Q","2022-Q1",1.50000006,
"HUN","QGDP","TOT","PC_CHGPP","Q","2022-Q2",0.800000004,
"HUN","QGDP","TOT","PC_CHGPP","Q","2022-Q3",-1.000000021,
"HUN","QGDP","TOT","PC_CHGPP","Q","2022-Q4",-0.60000001,
"HUN","QGDP","TOT","PC_CHGPP","Q","2023-Q1",-0.399999956,
"HUN","QGDP","TOT","PC_CHGPP","Q","2023-Q2",-0.300000005,
"CAN","QGDP","TOT","PC_CHGPP","Q","2018-Q2",0.785105341,
"CAN","QGDP","TOT","PC_CHGPP","Q","2018-Q3",0.690122507,
"CAN","QGDP","TOT","PC_CHGPP","Q","2018-Q4",0.340869542,
"CAN","QGDP","TOT","PC_CHGPP","Q","2019-Q1",0.07075927,
"CAN","QGDP","TOT","PC_CHGPP","Q","2019-Q2",0.988110124,
"CAN","QGDP","TOT","PC_CHGPP","Q","2019-Q3",0.374026535,
"CAN","QGDP","TOT","PC_CHGPP","Q","2019-Q4",0.326868383,
"CAN","QGDP","TOT","PC_CHGPP","Q","2020-Q1",-2.128337649,
"CAN","QGDP","TOT","PC_CHGPP","Q","2020-Q2",-10.928273391,
"CAN","QGDP","TOT","PC_CHGPP","Q","2020-Q3",9.017921364,
"CAN","QGDP","TOT","PC_CHGPP","Q","2020-Q4",2.130500855,
"CAN","QGDP","TOT","PC_CHGPP","Q","2021-Q1",1.308902555,
"CAN","QGDP","TOT","PC_CHGPP","Q","2021-Q2",-0.588596311,
"CAN","QGDP","TOT","PC_CHGPP","Q","2021-Q3",1.430867107,
"CAN","QGDP","TOT","PC_CHGPP","Q","2021-Q4",1.671567869,
"CAN","QGDP","TOT","PC_CHGPP","Q","2022-Q1",0.64235529,
"CAN","QGDP","TOT","PC_CHGPP","Q","2022-Q2",0.896972509,
"CAN","QGDP","TOT","PC_CHGPP","Q","2022-Q3",0.558360181,
"CAN","QGDP","TOT","PC_CHGPP","Q","2022-Q4",-0.037224634,
"CAN","QGDP","TOT","PC_CHGPP","Q","2023-Q1",0.778211363,
"CAN","QGDP","TOT","PC_CHGPP","Q","2023-Q2",0.3,
"SVN","QGDP","TOT","PC_CHGPP","Q","2018-Q2",1.330210134,
"SVN","QGDP","TOT","PC_CHGPP","Q","2018-Q3",1.369940225,
"SVN","QGDP","TOT","PC_CHGPP","Q","2018-Q4",1.201631171,
"SVN","QGDP","TOT","PC_CHGPP","Q","2019-Q1",0.620001989,
"SVN","QGDP","TOT","PC_CHGPP","Q","2019-Q2",-0.376670489,
"SVN","QGDP","TOT","PC_CHGPP","Q","2019-Q3",1.649736459,
"SVN","QGDP","TOT","PC_CHGPP","Q","2019-Q4",1.184951184,
"SVN","QGDP","TOT","PC_CHGPP","Q","2020-Q1",-4.691597387,
"SVN","QGDP","TOT","PC_CHGPP","Q","2020-Q2",-9.800753862,
"SVN","QGDP","TOT","PC_CHGPP","Q","2020-Q3",13.004513335,
"SVN","QGDP","TOT","PC_CHGPP","Q","2020-Q4",-1.253408569,
"SVN","QGDP","TOT","PC_CHGPP","Q","2021-Q1",1.778404022,
"SVN","QGDP","TOT","PC_CHGPP","Q","2021-Q2",1.890392747,
"SVN","QGDP","TOT","PC_CHGPP","Q","2021-Q3",2.902131652,
"SVN","QGDP","TOT","PC_CHGPP","Q","2021-Q4",3.401129616,
"SVN","QGDP","TOT","PC_CHGPP","Q","2022-Q1",1.16375008,
"SVN","QGDP","TOT","PC_CHGPP","Q","2022-Q2",0.612437275,
"SVN","QGDP","TOT","PC_CHGPP","Q","2022-Q3",-1.269412403,
"SVN","QGDP","TOT","PC_CHGPP","Q","2022-Q4",0.798187563,
"SVN","QGDP","TOT","PC_CHGPP","Q","2023-Q1",0.744497995,
"SVN","QGDP","TOT","PC_CHGPP","Q","2023-Q2",1.363298169,
"FIN","QGDP","TOT","PC_CHGPP","Q","2018-Q2",-0.11800553,
"FIN","QGDP","TOT","PC_CHGPP","Q","2018-Q3",-0.093457944,
"FIN","QGDP","TOT","PC_CHGPP","Q","2018-Q4",0.038830153,
"FIN","QGDP","TOT","PC_CHGPP","Q","2019-Q1",0.649270453,
"FIN","QGDP","TOT","PC_CHGPP","Q","2019-Q2",0.834399706,
"FIN","QGDP","TOT","PC_CHGPP","Q","2019-Q3",0.078229578,
"FIN","QGDP","TOT","PC_CHGPP","Q","2019-Q4",-0.185867148,
"FIN","QGDP","TOT","PC_CHGPP","Q","2020-Q1",-0.227980717,
"FIN","QGDP","TOT","PC_CHGPP","Q","2020-Q2",-6.364904936,
"FIN","QGDP","TOT","PC_CHGPP","Q","2020-Q3",5.001769714,
"FIN","QGDP","TOT","PC_CHGPP","Q","2020-Q4",0.79303126,
"FIN","QGDP","TOT","PC_CHGPP","Q","2021-Q1",0.022882087,
"FIN","QGDP","TOT","PC_CHGPP","Q","2021-Q2",1.251187837,
"FIN","QGDP","TOT","PC_CHGPP","Q","2021-Q3",1.049759285,
"FIN","QGDP","TOT","PC_CHGPP","Q","2021-Q4",0.911577028,
"FIN","QGDP","TOT","PC_CHGPP","Q","2022-Q1",0.028975133,
"FIN","QGDP","TOT","PC_CHGPP","Q","2022-Q2",0.359528353,
"FIN","QGDP","TOT","PC_CHGPP","Q","2022-Q3",-0.178271278,
"FIN","QGDP","TOT","PC_CHGPP","Q","2022-Q4",-0.505153587,
"FIN","QGDP","TOT","PC_CHGPP","Q","2023-Q1",0.418824897,
"FIN","QGDP","TOT","PC_CHGPP","Q","2023-Q2",0.680943788,"P"
"NLD","QGDP","TOT","PC_CHGPP","Q","2018-Q2",0.651351507,
"NLD","QGDP","TOT","PC_CHGPP","Q","2018-Q3",0.118766163,
"NLD","QGDP","TOT","PC_CHGPP","Q","2018-Q4",0.487706795,
"NLD","QGDP","TOT","PC_CHGPP","Q","2019-Q1",0.826416375,
"NLD","QGDP","TOT","PC_CHGPP","Q","2019-Q2",0.297512296,
"NLD","QGDP","TOT","PC_CHGPP","Q","2019-Q3",0.213677408,
"NLD","QGDP","TOT","PC_CHGPP","Q","2019-Q4",0.572641066,
"NLD","QGDP","TOT","PC_CHGPP","Q","2020-Q1",-1.327838614,
"NLD","QGDP","TOT","PC_CHGPP","Q","2020-Q2",-8.348639597,
"NLD","QGDP","TOT","PC_CHGPP","Q","2020-Q3",6.376224562,
"NLD","QGDP","TOT","PC_CHGPP","Q","2020-Q4",0.634352785,
"NLD","QGDP","TOT","PC_CHGPP","Q","2021-Q1",1.224262986,"P"
"NLD","QGDP","TOT","PC_CHGPP","Q","2021-Q2",3.086725669,"P"
"NLD","QGDP","TOT","PC_CHGPP","Q","2021-Q3",1.914124475,"P"
"NLD","QGDP","TOT","PC_CHGPP","Q","2021-Q4",0.798697174,"P"
"NLD","QGDP","TOT","PC_CHGPP","Q","2022-Q1",0.517007219,"P"
"NLD","QGDP","TOT","PC_CHGPP","Q","2022-Q2",1.84199198,"P"
"NLD","QGDP","TOT","PC_CHGPP","Q","2022-Q3",-0.185737239,"P"
"NLD","QGDP","TOT","PC_CHGPP","Q","2022-Q4",0.86436159,"P"
"NLD","QGDP","TOT","PC_CHGPP","Q","2023-Q1",-0.432351603,"P"
"NLD","QGDP","TOT","PC_CHGPP","Q","2023-Q2",-0.314952389,"P"
"USA","QGDP","TOT","PC_CHGPP","Q","2018-Q2",0.697342921,
"USA","QGDP","TOT","PC_CHGPP","Q","2018-Q3",0.722035914,
"USA","QGDP","TOT","PC_CHGPP","Q","2018-Q4",0.181783198,
"USA","QGDP","TOT","PC_CHGPP","Q","2019-Q1",0.54271061,
"USA","QGDP","TOT","PC_CHGPP","Q","2019-Q2",0.67300894,
"USA","QGDP","TOT","PC_CHGPP","Q","2019-Q3",0.889966473,
"USA","QGDP","TOT","PC_CHGPP","Q","2019-Q4",0.443046894,
"USA","QGDP","TOT","PC_CHGPP","Q","2020-Q1",-1.175154201,
"USA","QGDP","TOT","PC_CHGPP","Q","2020-Q2",-8.484336154,
"USA","QGDP","TOT","PC_CHGPP","Q","2020-Q3",7.854483117,
"USA","QGDP","TOT","PC_CHGPP","Q","2020-Q4",0.963213279,
"USA","QGDP","TOT","PC_CHGPP","Q","2021-Q1",1.542791999,
"USA","QGDP","TOT","PC_CHGPP","Q","2021-Q2",1.707015905,
"USA","QGDP","TOT","PC_CHGPP","Q","2021-Q3",0.656694491,
"USA","QGDP","TOT","PC_CHGPP","Q","2021-Q4",1.69569402,
"USA","QGDP","TOT","PC_CHGPP","Q","2022-Q1",-0.410338185,
"USA","QGDP","TOT","PC_CHGPP","Q","2022-Q2",-0.144633973,
"USA","QGDP","TOT","PC_CHGPP","Q","2022-Q3",0.801155209,
"USA","QGDP","TOT","PC_CHGPP","Q","2022-Q4",0.637397896,
"USA","QGDP","TOT","PC_CHGPP","Q","2023-Q1",0.496811816,
"USA","QGDP","TOT","PC_CHGPP","Q","2023-Q2",0.59818289,
"SVK","QGDP","TOT","PC_CHGPP","Q","2018-Q2",1.183224631,
"SVK","QGDP","TOT","PC_CHGPP","Q","2018-Q3",0.996153156,
"SVK","QGDP","TOT","PC_CHGPP","Q","2018-Q4",0.511311339,
"SVK","QGDP","TOT","PC_CHGPP","Q","2019-Q1",0.763414236,
"SVK","QGDP","TOT","PC_CHGPP","Q","2019-Q2",0.295614613,
"SVK","QGDP","TOT","PC_CHGPP","Q","2019-Q3",0.348261603,
"SVK","QGDP","TOT","PC_CHGPP","Q","2019-Q4",0.621735158,
"SVK","QGDP","TOT","PC_CHGPP","Q","2020-Q1",-3.134956621,
"SVK","QGDP","TOT","PC_CHGPP","Q","2020-Q2",-7.46027408,
"SVK","QGDP","TOT","PC_CHGPP","Q","2020-Q3",9.693983636,
"SVK","QGDP","TOT","PC_CHGPP","Q","2020-Q4",0.766944357,
"SVK","QGDP","TOT","PC_CHGPP","Q","2021-Q1",-0.137960278,
"SVK","QGDP","TOT","PC_CHGPP","Q","2021-Q2",1.734053557,
"SVK","QGDP","TOT","PC_CHGPP","Q","2021-Q3",0.629628001,
"SVK","QGDP","TOT","PC_CHGPP","Q","2021-Q4",0.38260571,
"SVK","QGDP","TOT","PC_CHGPP","Q","2022-Q1",0.251823401,
"SVK","QGDP","TOT","PC_CHGPP","Q","2022-Q2",0.187530698,
"SVK","QGDP","TOT","PC_CHGPP","Q","2022-Q3",0.351415174,
"SVK","QGDP","TOT","PC_CHGPP","Q","2022-Q4",0.250139069,
"SVK","QGDP","TOT","PC_CHGPP","Q","2023-Q1",0.314770972,
"SVK","QGDP","TOT","PC_CHGPP","Q","2023-Q2",0.400204825,
"MEX","QGDP","TOT","PC_CHGPP","Q","2018-Q2",-0.070420851,
"MEX","QGDP","TOT","PC_CHGPP","Q","2018-Q3",0.275459596,
"MEX","QGDP","TOT","PC_CHGPP","Q","2018-Q4",-0.047943554,
"MEX","QGDP","TOT","PC_CHGPP","Q","2019-Q1",0.047345394,
"MEX","QGDP","TOT","PC_CHGPP","Q","2019-Q2",-0.424727753,
"MEX","QGDP","TOT","PC_CHGPP","Q","2019-Q3",0.23268088,
"MEX","QGDP","TOT","PC_CHGPP","Q","2019-Q4",-0.458908523,
"MEX","QGDP","TOT","PC_CHGPP","Q","2020-Q1",-0.987918336,"P"
"MEX","QGDP","TOT","PC_CHGPP","Q","2020-Q2",-17.805105362,"P"
"MEX","QGDP","TOT","PC_CHGPP","Q","2020-Q3",13.165268101,"P"
"MEX","QGDP","TOT","PC_CHGPP","Q","2020-Q4",4.332002463,"P"
"MEX","QGDP","TOT","PC_CHGPP","Q","2021-Q1",0.330925513,"P"
"MEX","QGDP","TOT","PC_CHGPP","Q","2021-Q2",0.754465272,"P"
"MEX","QGDP","TOT","PC_CHGPP","Q","2021-Q3",-1.101559669,"P"
"MEX","QGDP","TOT","PC_CHGPP","Q","2021-Q4",1.18168164,"P"
"MEX","QGDP","TOT","PC_CHGPP","Q","2022-Q1",1.017486593,"P"
"MEX","QGDP","TOT","PC_CHGPP","Q","2022-Q2",1.104230605,"P"
"MEX","QGDP","TOT","PC_CHGPP","Q","2022-Q3",0.914975866,"P"
"MEX","QGDP","TOT","PC_CHGPP","Q","2022-Q4",0.578563946,"P"
"MEX","QGDP","TOT","PC_CHGPP","Q","2023-Q1",1.020610932,"P"
"MEX","QGDP","TOT","PC_CHGPP","Q","2023-Q2",0.899998473,
"BEL","QGDP","TOT","PC_CHGPP","Q","2018-Q2",0.452534656,
"BEL","QGDP","TOT","PC_CHGPP","Q","2018-Q3",0.390736331,
"BEL","QGDP","TOT","PC_CHGPP","Q","2018-Q4",0.977159917,
"BEL","QGDP","TOT","PC_CHGPP","Q","2019-Q1",0.273895575,
"BEL","QGDP","TOT","PC_CHGPP","Q","2019-Q2",0.553530566,
"BEL","QGDP","TOT","PC_CHGPP","Q","2019-Q3",0.727681583,
"BEL","QGDP","TOT","PC_CHGPP","Q","2019-Q4",0.595620803,
"BEL","QGDP","TOT","PC_CHGPP","Q","2020-Q1",-2.89034274,"P"
"BEL","QGDP","TOT","PC_CHGPP","Q","2020-Q2",-11.398144339,"P"
"BEL","QGDP","TOT","PC_CHGPP","Q","2020-Q3",11.756391474,"P"
"BEL","QGDP","TOT","PC_CHGPP","Q","2020-Q4",-0.487440109,"P"
"BEL","QGDP","TOT","PC_CHGPP","Q","2021-Q1",1.424953383,"P"
"BEL","QGDP","TOT","PC_CHGPP","Q","2021-Q2",1.76805788,"P"
"BEL","QGDP","TOT","PC_CHGPP","Q","2021-Q3",2.346713164,"P"
"BEL","QGDP","TOT","PC_CHGPP","Q","2021-Q4",0.575202199,"P"
"BEL","QGDP","TOT","PC_CHGPP","Q","2022-Q1",0.616443141,"P"
"BEL","QGDP","TOT","PC_CHGPP","Q","2022-Q2",0.533696652,"P"
"BEL","QGDP","TOT","PC_CHGPP","Q","2022-Q3",0.314202108,"P"
"BEL","QGDP","TOT","PC_CHGPP","Q","2022-Q4",0.055071292,"P"
"BEL","QGDP","TOT","PC_CHGPP","Q","2023-Q1",0.370666598,"P"
"BEL","QGDP","TOT","PC_CHGPP","Q","2023-Q2",0.199643555,
"ISR","QGDP","TOT","PC_CHGPP","Q","2018-Q2",0.456114271,
"ISR","QGDP","TOT","PC_CHGPP","Q","2018-Q3",0.928794764,
"ISR","QGDP","TOT","PC_CHGPP","Q","2018-Q4",0.854497446,
"ISR","QGDP","TOT","PC_CHGPP","Q","2019-Q1",1.826456111,
"ISR","QGDP","TOT","PC_CHGPP","Q","2019-Q2",-0.219619386,
"ISR","QGDP","TOT","PC_CHGPP","Q","2019-Q3",1.225088042,
"ISR","QGDP","TOT","PC_CHGPP","Q","2019-Q4",0.866874665,
"ISR","QGDP","TOT","PC_CHGPP","Q","2020-Q1",-1.727876889,
"ISR","QGDP","TOT","PC_CHGPP","Q","2020-Q2",-8.099409972,
"ISR","QGDP","TOT","PC_CHGPP","Q","2020-Q3",8.99844252,
"ISR","QGDP","TOT","PC_CHGPP","Q","2020-Q4",2.54212448,
"ISR","QGDP","TOT","PC_CHGPP","Q","2021-Q1",0.195798649,
"ISR","QGDP","TOT","PC_CHGPP","Q","2021-Q2",3.882126077,
"ISR","QGDP","TOT","PC_CHGPP","Q","2021-Q3",2.132843556,
"ISR","QGDP","TOT","PC_CHGPP","Q","2021-Q4",4.36380009,
"ISR","QGDP","TOT","PC_CHGPP","Q","2022-Q1",-0.62032275,
"ISR","QGDP","TOT","PC_CHGPP","Q","2022-Q2",1.703626133,
"ISR","QGDP","TOT","PC_CHGPP","Q","2022-Q3",0.417250669,
"ISR","QGDP","TOT","PC_CHGPP","Q","2022-Q4",1.139535251,
"ISR","QGDP","TOT","PC_CHGPP","Q","2023-Q1",0.70751904,
"ISR","QGDP","TOT","PC_CHGPP","Q","2023-Q2",0.742198126,
"TUR","QGDP","TOT","PC_CHGPP","Q","2018-Q2",0.657521797,
"TUR","QGDP","TOT","PC_CHGPP","Q","2018-Q3",-1.627935541,
"TUR","QGDP","TOT","PC_CHGPP","Q","2018-Q4",-3.184115348,
"TUR","QGDP","TOT","PC_CHGPP","Q","2019-Q1",1.877789373,
"TUR","QGDP","TOT","PC_CHGPP","Q","2019-Q2",2.567800293,
"TUR","QGDP","TOT","PC_CHGPP","Q","2019-Q3",-0.352907742,
"TUR","QGDP","TOT","PC_CHGPP","Q","2019-Q4",1.279908419,
"TUR","QGDP","TOT","PC_CHGPP","Q","2020-Q1",0.849325473,
"TUR","QGDP","TOT","PC_CHGPP","Q","2020-Q2",-10.371752592,
"TUR","QGDP","TOT","PC_CHGPP","Q","2020-Q3",15.649317805,
"TUR","QGDP","TOT","PC_CHGPP","Q","2020-Q4",1.084647787,
"TUR","QGDP","TOT","PC_CHGPP","Q","2021-Q1",2.616659059,
"TUR","QGDP","TOT","PC_CHGPP","Q","2021-Q2",1.994956988,
"TUR","QGDP","TOT","PC_CHGPP","Q","2021-Q3",2.714482826,
"TUR","QGDP","TOT","PC_CHGPP","Q","2021-Q4",1.575638393,
"TUR","QGDP","TOT","PC_CHGPP","Q","2022-Q1",0.732925413,
"TUR","QGDP","TOT","PC_CHGPP","Q","2022-Q2",1.845509858,
"TUR","QGDP","TOT","PC_CHGPP","Q","2022-Q3",-0.08052983,
"TUR","QGDP","TOT","PC_CHGPP","Q","2022-Q4",0.937447501,
"TUR","QGDP","TOT","PC_CHGPP","Q","2023-Q1",0.314712325,
"LVA","QGDP","TOT","PC_CHGPP","Q","2018-Q2",1.646256452,
"LVA","QGDP","TOT","PC_CHGPP","Q","2018-Q3",1.222524257,
"LVA","QGDP","TOT","PC_CHGPP","Q","2018-Q4",0.71517089,
"LVA","QGDP","TOT","PC_CHGPP","Q","2019-Q1",0.375415395,
"LVA","QGDP","TOT","PC_CHGPP","Q","2019-Q2",0.758181551,
"LVA","QGDP","TOT","PC_CHGPP","Q","2019-Q3",-0.038055269,
"LVA","QGDP","TOT","PC_CHGPP","Q","2019-Q4",0.0689346,
"LVA","QGDP","TOT","PC_CHGPP","Q","2020-Q1",-0.372202787,
"LVA","QGDP","TOT","PC_CHGPP","Q","2020-Q2",-6.705625645,
"LVA","QGDP","TOT","PC_CHGPP","Q","2020-Q3",5.77158449,
"LVA","QGDP","TOT","PC_CHGPP","Q","2020-Q4",0.875765921,
"LVA","QGDP","TOT","PC_CHGPP","Q","2021-Q1",-0.467089189,
"LVA","QGDP","TOT","PC_CHGPP","Q","2021-Q2",2.616588614,
"LVA","QGDP","TOT","PC_CHGPP","Q","2021-Q3",1.154457063,
"LVA","QGDP","TOT","PC_CHGPP","Q","2021-Q4",0.690062256,
"LVA","QGDP","TOT","PC_CHGPP","Q","2022-Q1",1.384518418,
"LVA","QGDP","TOT","PC_CHGPP","Q","2022-Q2",0.154573243,
"LVA","QGDP","TOT","PC_CHGPP","Q","2022-Q3",-1.397252662,
"LVA","QGDP","TOT","PC_CHGPP","Q","2022-Q4",1.072056041,
"LVA","QGDP","TOT","PC_CHGPP","Q","2023-Q1",0.470586503,
"LVA","QGDP","TOT","PC_CHGPP","Q","2023-Q2",-0.623651369,
"CZE","QGDP","TOT","PC_CHGPP","Q","2018-Q2",0.591257726,
"CZE","QGDP","TOT","PC_CHGPP","Q","2018-Q3",0.732565624,
"CZE","QGDP","TOT","PC_CHGPP","Q","2018-Q4",0.764833886,
"CZE","QGDP","TOT","PC_CHGPP","Q","2019-Q1",0.871113308,
"CZE","QGDP","TOT","PC_CHGPP","Q","2019-Q2",0.654904017,
"CZE","QGDP","TOT","PC_CHGPP","Q","2019-Q3",0.697900552,
"CZE","QGDP","TOT","PC_CHGPP","Q","2019-Q4",0.539508383,
"CZE","QGDP","TOT","PC_CHGPP","Q","2020-Q1",-3.31490351,
"CZE","QGDP","TOT","PC_CHGPP","Q","2020-Q2",-8.875702165,
"CZE","QGDP","TOT","PC_CHGPP","Q","2020-Q3",7.0042707,
"CZE","QGDP","TOT","PC_CHGPP","Q","2020-Q4",1.2294293,
"CZE","QGDP","TOT","PC_CHGPP","Q","2021-Q1",-0.632487408,
"CZE","QGDP","TOT","PC_CHGPP","Q","2021-Q2",1.435029494,
"CZE","QGDP","TOT","PC_CHGPP","Q","2021-Q3",1.752628788,
"CZE","QGDP","TOT","PC_CHGPP","Q","2021-Q4",0.832033599,
"CZE","QGDP","TOT","PC_CHGPP","Q","2022-Q1",0.587319173,
"CZE","QGDP","TOT","PC_CHGPP","Q","2022-Q2",0.152875174,
"CZE","QGDP","TOT","PC_CHGPP","Q","2022-Q3",-0.225657498,
"CZE","QGDP","TOT","PC_CHGPP","Q","2022-Q4",-0.391728159,
"CZE","QGDP","TOT","PC_CHGPP","Q","2023-Q1",-0.04104265,
"CZE","QGDP","TOT","PC_CHGPP","Q","2023-Q2",0.10291341,"P"
"POL","QGDP","TOT","PC_CHGPP","Q","2018-Q2",1.399165353,
"POL","QGDP","TOT","PC_CHGPP","Q","2018-Q3",1.230991089,
"POL","QGDP","TOT","PC_CHGPP","Q","2018-Q4",0.962913584,
"POL","QGDP","TOT","PC_CHGPP","Q","2019-Q1",1.427037071,
"POL","QGDP","TOT","PC_CHGPP","Q","2019-Q2",0.909822232,
"POL","QGDP","TOT","PC_CHGPP","Q","2019-Q3",0.727751926,
"POL","QGDP","TOT","PC_CHGPP","Q","2019-Q4",0.635614822,
"POL","QGDP","TOT","PC_CHGPP","Q","2020-Q1",0.760148926,
"POL","QGDP","TOT","PC_CHGPP","Q","2020-Q2",-9.192995736,
"POL","QGDP","TOT","PC_CHGPP","Q","2020-Q3",6.740460953,
"POL","QGDP","TOT","PC_CHGPP","Q","2020-Q4",0.113792974,
"POL","QGDP","TOT","PC_CHGPP","Q","2021-Q1",2.638918247,
"POL","QGDP","TOT","PC_CHGPP","Q","2021-Q2",2.136349903,
"POL","QGDP","TOT","PC_CHGPP","Q","2021-Q3",2.102177038,
"POL","QGDP","TOT","PC_CHGPP","Q","2021-Q4",1.775211555,
"POL","QGDP","TOT","PC_CHGPP","Q","2022-Q1",4.460651757,
"POL","QGDP","TOT","PC_CHGPP","Q","2022-Q2",-2.479254982,
"POL","QGDP","TOT","PC_CHGPP","Q","2022-Q3",1.013006037,
"POL","QGDP","TOT","PC_CHGPP","Q","2022-Q4",-2.274302355,
"POL","QGDP","TOT","PC_CHGPP","Q","2023-Q1",3.837076518,
"POL","QGDP","TOT","PC_CHGPP","Q","2023-Q2",-3.671313411,
"DEU","QGDP","TOT","PC_CHGPP","Q","2018-Q2",0.813006393,
"DEU","QGDP","TOT","PC_CHGPP","Q","2018-Q3",-0.928358437,
"DEU","QGDP","TOT","PC_CHGPP","Q","2018-Q4",0.861334935,
"DEU","QGDP","TOT","PC_CHGPP","Q","2019-Q1",0.685087549,
"DEU","QGDP","TOT","PC_CHGPP","Q","2019-Q2",-0.037282015,
"DEU","QGDP","TOT","PC_CHGPP","Q","2019-Q3",-0.018652274,
"DEU","QGDP","TOT","PC_CHGPP","Q","2019-Q4",0.298430417,
"DEU","QGDP","TOT","PC_CHGPP","Q","2020-Q1",-1.766715965,"P"
"DEU","QGDP","TOT","PC_CHGPP","Q","2020-Q2",-9.219127614,"P"
"DEU","QGDP","TOT","PC_CHGPP","Q","2020-Q3",8.914608255,"P"
"DEU","QGDP","TOT","PC_CHGPP","Q","2020-Q4",0.784989704,"P"
"DEU","QGDP","TOT","PC_CHGPP","Q","2021-Q1",-1.272726481,"P"
"DEU","QGDP","TOT","PC_CHGPP","Q","2021-Q2",2.232064629,"P"
"DEU","QGDP","TOT","PC_CHGPP","Q","2021-Q3",0.668170777,"P"
"DEU","QGDP","TOT","PC_CHGPP","Q","2021-Q4",0.009349315,"P"
"DEU","QGDP","TOT","PC_CHGPP","Q","2022-Q1",1.002566571,"P"
"DEU","QGDP","TOT","PC_CHGPP","Q","2022-Q2",-0.129572944,"P"
"DEU","QGDP","TOT","PC_CHGPP","Q","2022-Q3",0.361414068,"P"
"DEU","QGDP","TOT","PC_CHGPP","Q","2022-Q4",-0.406272994,"P"
"DEU","QGDP","TOT","PC_CHGPP","Q","2023-Q1",-0.092721961,"P"
"DEU","QGDP","TOT","PC_CHGPP","Q","2023-Q2",0.018569699,"E"
"LUX","QGDP","TOT","PC_CHGPP","Q","2018-Q2",-0.652452046,
"LUX","QGDP","TOT","PC_CHGPP","Q","2018-Q3",0.891876842,
"LUX","QGDP","TOT","PC_CHGPP","Q","2018-Q4",0.400454613,
"LUX","QGDP","TOT","PC_CHGPP","Q","2019-Q1",0.351834631,
"LUX","QGDP","TOT","PC_CHGPP","Q","2019-Q2",1.632471047,
"LUX","QGDP","TOT","PC_CHGPP","Q","2019-Q3",-0.02319646,
"LUX","QGDP","TOT","PC_CHGPP","Q","2019-Q4",0.636140038,
"LUX","QGDP","TOT","PC_CHGPP","Q","2020-Q1",-1.011641569,
"LUX","QGDP","TOT","PC_CHGPP","Q","2020-Q2",-5.859405939,
"LUX","QGDP","TOT","PC_CHGPP","Q","2020-Q3",8.176947746,
"LUX","QGDP","TOT","PC_CHGPP","Q","2020-Q4",-0.328720806,
"LUX","QGDP","TOT","PC_CHGPP","Q","2021-Q1",2.224297144,
"LUX","QGDP","TOT","PC_CHGPP","Q","2021-Q2",0.169057658,
"LUX","QGDP","TOT","PC_CHGPP","Q","2021-Q3",-0.046329661,
"LUX","QGDP","TOT","PC_CHGPP","Q","2021-Q4",2.180236336,
"LUX","QGDP","TOT","PC_CHGPP","Q","2022-Q1",0.215141055,
"LUX","QGDP","TOT","PC_CHGPP","Q","2022-Q2",-0.10775006,
"LUX","QGDP","TOT","PC_CHGPP","Q","2022-Q3",1.478172075,
"LUX","QGDP","TOT","PC_CHGPP","Q","2022-Q4",-3.694268913,
"LUX","QGDP","TOT","PC_CHGPP","Q","2023-Q1",2.011945563,"P"
"PRT","QGDP","TOT","PC_CHGPP","Q","2018-Q2",0.779536523,
"PRT","QGDP","TOT","PC_CHGPP","Q","2018-Q3",0.525723942,
"PRT","QGDP","TOT","PC_CHGPP","Q","2018-Q4",0.608994992,
"PRT","QGDP","TOT","PC_CHGPP","Q","2019-Q1",0.882987755,
"PRT","QGDP","TOT","PC_CHGPP","Q","2019-Q2",0.571006817,
"PRT","QGDP","TOT","PC_CHGPP","Q","2019-Q3",0.451880731,
"PRT","QGDP","TOT","PC_CHGPP","Q","2019-Q4",0.820784598,
"PRT","QGDP","TOT","PC_CHGPP","Q","2020-Q1",-4.355487705,
"PRT","QGDP","TOT","PC_CHGPP","Q","2020-Q2",-15.119496961,
"PRT","QGDP","TOT","PC_CHGPP","Q","2020-Q3",14.588001222,
"PRT","QGDP","TOT","PC_CHGPP","Q","2020-Q4",0.370563245,
"PRT","QGDP","TOT","PC_CHGPP","Q","2021-Q1",-2.559961929,"P"
"PRT","QGDP","TOT","PC_CHGPP","Q","2021-Q2",4.42617467,"P"
"PRT","QGDP","TOT","PC_CHGPP","Q","2021-Q3",2.802834928,"P"
"PRT","QGDP","TOT","PC_CHGPP","Q","2021-Q4",1.927325071,"P"
"PRT","QGDP","TOT","PC_CHGPP","Q","2022-Q1",2.259761981,"P"
"PRT","QGDP","TOT","PC_CHGPP","Q","2022-Q2",0.193761238,"P"
"PRT","QGDP","TOT","PC_CHGPP","Q","2022-Q3",0.33288726,"P"
"PRT","QGDP","TOT","PC_CHGPP","Q","2022-Q4",0.347702949,"P"
"PRT","QGDP","TOT","PC_CHGPP","Q","2023-Q1",1.646029,"P"
"PRT","QGDP","TOT","PC_CHGPP","Q","2023-Q2",-0.000355533,
"ITA","QGDP","TOT","PC_CHGPP","Q","2018-Q2",0.044690859,
"ITA","QGDP","TOT","PC_CHGPP","Q","2018-Q3",0.126191204,
"ITA","QGDP","TOT","PC_CHGPP","Q","2018-Q4",0.291912901,
"ITA","QGDP","TOT","PC_CHGPP","Q","2019-Q1",0.174925397,
"ITA","QGDP","TOT","PC_CHGPP","Q","2019-Q2",0.237076771,
"ITA","QGDP","TOT","PC_CHGPP","Q","2019-Q3",0.06131641,
"ITA","QGDP","TOT","PC_CHGPP","Q","2019-Q4",-0.805738246,
"ITA","QGDP","TOT","PC_CHGPP","Q","2020-Q1",-5.797905411,
"ITA","QGDP","TOT","PC_CHGPP","Q","2020-Q2",-12.019189697,
"ITA","QGDP","TOT","PC_CHGPP","Q","2020-Q3",14.202921897,
"ITA","QGDP","TOT","PC_CHGPP","Q","2020-Q4",-0.708803151,
"ITA","QGDP","TOT","PC_CHGPP","Q","2021-Q1",0.457635605,
"ITA","QGDP","TOT","PC_CHGPP","Q","2021-Q2",2.498816223,
"ITA","QGDP","TOT","PC_CHGPP","Q","2021-Q3",2.889625451,
"ITA","QGDP","TOT","PC_CHGPP","Q","2021-Q4",0.876166751,
"ITA","QGDP","TOT","PC_CHGPP","Q","2022-Q1",0.090662818,
"ITA","QGDP","TOT","PC_CHGPP","Q","2022-Q2",1.120331653,
"ITA","QGDP","TOT","PC_CHGPP","Q","2022-Q3",0.376132441,
"ITA","QGDP","TOT","PC_CHGPP","Q","2022-Q4",-0.105972819,
"ITA","QGDP","TOT","PC_CHGPP","Q","2023-Q1",0.622523432,
"ITA","QGDP","TOT","PC_CHGPP","Q","2023-Q2",-0.34073339,
"AUT","QGDP","TOT","PC_CHGPP","Q","2018-Q2",0.239714645,
"AUT","QGDP","TOT","PC_CHGPP","Q","2018-Q3",0.431485555,
"AUT","QGDP","TOT","PC_CHGPP","Q","2018-Q4",1.201305784,
"AUT","QGDP","TOT","PC_CHGPP","Q","2019-Q1",0.5159561,
"AUT","QGDP","TOT","PC_CHGPP","Q","2019-Q2",-0.433827066,
"AUT","QGDP","TOT","PC_CHGPP","Q","2019-Q3",0.484521247,
"AUT","QGDP","TOT","PC_CHGPP","Q","2019-Q4",-0.516565768,
"AUT","QGDP","TOT","PC_CHGPP","Q","2020-Q1",-2.340231955,
"AUT","QGDP","TOT","PC_CHGPP","Q","2020-Q2",-11.488197465,
"AUT","QGDP","TOT","PC_CHGPP","Q","2020-Q3",11.305281868,
"AUT","QGDP","TOT","PC_CHGPP","Q","2020-Q4",-1.799490862,
"AUT","QGDP","TOT","PC_CHGPP","Q","2021-Q1",-1.032706358,
"AUT","QGDP","TOT","PC_CHGPP","Q","2021-Q2",3.97943516,
"AUT","QGDP","TOT","PC_CHGPP","Q","2021-Q3",4.188199937,
"AUT","QGDP","TOT","PC_CHGPP","Q","2021-Q4",-0.869114632,
"AUT","QGDP","TOT","PC_CHGPP","Q","2022-Q1",1.250252466,
"AUT","QGDP","TOT","PC_CHGPP","Q","2022-Q2",1.688028897,
"AUT","QGDP","TOT","PC_CHGPP","Q","2022-Q3",0.040853835,
"AUT","QGDP","TOT","PC_CHGPP","Q","2022-Q4",-0.058313276,
"AUT","QGDP","TOT","PC_CHGPP","Q","2023-Q1",0.094455433,
"AUT","QGDP","TOT","PC_CHGPP","Q","2023-Q2",-0.353003086,
"IRL","QGDP","TOT","PC_CHGPP","Q","2018-Q2",1.586980311,
"IRL","QGDP","TOT","PC_CHGPP","Q","2018-Q3",0.337013012,
"IRL","QGDP","TOT","PC_CHGPP","Q","2018-Q4",1.292601778,
"IRL","QGDP","TOT","PC_CHGPP","Q","2019-Q1",1.745606098,
"IRL","QGDP","TOT","PC_CHGPP","Q","2019-Q2",1.511295519,
"IRL","QGDP","TOT","PC_CHGPP","Q","2019-Q3",1.17845671,
"IRL","QGDP","TOT","PC_CHGPP","Q","2019-Q4",1.862949931,
"IRL","QGDP","TOT","PC_CHGPP","Q","2020-Q1",3.131516185,
"IRL","QGDP","TOT","PC_CHGPP","Q","2020-Q2",-5.745279526,
"IRL","QGDP","TOT","PC_CHGPP","Q","2020-Q3",12.000303449,
"IRL","QGDP","TOT","PC_CHGPP","Q","2020-Q4",-4.171352398,
"IRL","QGDP","TOT","PC_CHGPP","Q","2021-Q1",10.529455776,
"IRL","QGDP","TOT","PC_CHGPP","Q","2021-Q2",2.642180648,
"IRL","QGDP","TOT","PC_CHGPP","Q","2021-Q3",2.575491333,
"IRL","QGDP","TOT","PC_CHGPP","Q","2021-Q4",-1.753154142,
"IRL","QGDP","TOT","PC_CHGPP","Q","2022-Q1",5.632351621,
"IRL","QGDP","TOT","PC_CHGPP","Q","2022-Q2",2.500460173,
"IRL","QGDP","TOT","PC_CHGPP","Q","2022-Q3",2.429475266,
"IRL","QGDP","TOT","PC_CHGPP","Q","2022-Q4",-0.049326304,
"IRL","QGDP","TOT","PC_CHGPP","Q","2023-Q1",-2.790650281,
"IRL","QGDP","TOT","PC_CHGPP","Q","2023-Q2",3.263026048,"E"
"CHE","QGDP","TOT","PC_CHGPP","Q","2018-Q2",0.948750764,
"CHE","QGDP","TOT","PC_CHGPP","Q","2018-Q3",-0.324193875,
"CHE","QGDP","TOT","PC_CHGPP","Q","2018-Q4",0.282200767,
"CHE","QGDP","TOT","PC_CHGPP","Q","2019-Q1",0.123798899,
"CHE","QGDP","TOT","PC_CHGPP","Q","2019-Q2",0.430756246,
"CHE","QGDP","TOT","PC_CHGPP","Q","2019-Q3",0.541367852,
"CHE","QGDP","TOT","PC_CHGPP","Q","2019-Q4",0.60639618,
"CHE","QGDP","TOT","PC_CHGPP","Q","2020-Q1",-1.511162871,
"CHE","QGDP","TOT","PC_CHGPP","Q","2020-Q2",-7.05825896,
"CHE","QGDP","TOT","PC_CHGPP","Q","2020-Q3",7.271822218,
"CHE","QGDP","TOT","PC_CHGPP","Q","2020-Q4",0.349137994,
"CHE","QGDP","TOT","PC_CHGPP","Q","2021-Q1",-0.15469021,
"CHE","QGDP","TOT","PC_CHGPP","Q","2021-Q2",1.983704534,
"CHE","QGDP","TOT","PC_CHGPP","Q","2021-Q3",1.727882152,
"CHE","QGDP","TOT","PC_CHGPP","Q","2021-Q4",0.211568756,
"CHE","QGDP","TOT","PC_CHGPP","Q","2022-Q1",0.316029933,
"CHE","QGDP","TOT","PC_CHGPP","Q","2022-Q2",0.275143887,
"CHE","QGDP","TOT","PC_CHGPP","Q","2022-Q3",0.188656533,
"CHE","QGDP","TOT","PC_CHGPP","Q","2022-Q4",-0.039431037,
"CHE","QGDP","TOT","PC_CHGPP","Q","2023-Q1",0.265231867,
"NZL","QGDP","TOT","PC_CHGPP","Q","2018-Q2",1.181457722,
"NZL","QGDP","TOT","PC_CHGPP","Q","2018-Q3",0.041417762,
"NZL","QGDP","TOT","PC_CHGPP","Q","2018-Q4",1.490422127,
"NZL","QGDP","TOT","PC_CHGPP","Q","2019-Q1",0.726422643,
"NZL","QGDP","TOT","PC_CHGPP","Q","2019-Q2",0.473520249,
"NZL","QGDP","TOT","PC_CHGPP","Q","2019-Q3",0.696080863,
"NZL","QGDP","TOT","PC_CHGPP","Q","2019-Q4",0.725139716,
"NZL","QGDP","TOT","PC_CHGPP","Q","2020-Q1",-0.889581805,
"NZL","QGDP","TOT","PC_CHGPP","Q","2020-Q2",-10.337435613,
"NZL","QGDP","TOT","PC_CHGPP","Q","2020-Q3",13.708526118,
"NZL","QGDP","TOT","PC_CHGPP","Q","2020-Q4",-0.071094707,
"NZL","QGDP","TOT","PC_CHGPP","Q","2021-Q1",2.27210802,
"NZL","QGDP","TOT","PC_CHGPP","Q","2021-Q2",1.88860767,
"NZL","QGDP","TOT","PC_CHGPP","Q","2021-Q3",-4.176411627,
"NZL","QGDP","TOT","PC_CHGPP","Q","2021-Q4",3.457946759,
"NZL","QGDP","TOT","PC_CHGPP","Q","2022-Q1",0.064473588,
"NZL","QGDP","TOT","PC_CHGPP","Q","2022-Q2",1.527332367,
"NZL","QGDP","TOT","PC_CHGPP","Q","2022-Q3",1.432239082,
"NZL","QGDP","TOT","PC_CHGPP","Q","2022-Q4",-0.688233203,
"NZL","QGDP","TOT","PC_CHGPP","Q","2023-Q1",-0.064432067,
"CHN","QGDP","TOT","PC_CHGPP","Q","2018-Q2",1.7,
"CHN","QGDP","TOT","PC_CHGPP","Q","2018-Q3",1.5,
"CHN","QGDP","TOT","PC_CHGPP","Q","2018-Q4",1.3,
"CHN","QGDP","TOT","PC_CHGPP","Q","2019-Q1",1.6,
"CHN","QGDP","TOT","PC_CHGPP","Q","2019-Q2",1.5,
"CHN","QGDP","TOT","PC_CHGPP","Q","2019-Q3",1.5,
"CHN","QGDP","TOT","PC_CHGPP","Q","2019-Q4",1.2,
"CHN","QGDP","TOT","PC_CHGPP","Q","2020-Q1",-10.4,
"CHN","QGDP","TOT","PC_CHGPP","Q","2020-Q2",11.5,
"CHN","QGDP","TOT","PC_CHGPP","Q","2020-Q3",3.5,
"CHN","QGDP","TOT","PC_CHGPP","Q","2020-Q4",2.5,
"CHN","QGDP","TOT","PC_CHGPP","Q","2021-Q1",0.5,
"CHN","QGDP","TOT","PC_CHGPP","Q","2021-Q2",1.3,
"CHN","QGDP","TOT","PC_CHGPP","Q","2021-Q3",0.7,
"CHN","QGDP","TOT","PC_CHGPP","Q","2021-Q4",1.6,
"CHN","QGDP","TOT","PC_CHGPP","Q","2022-Q1",1,
"CHN","QGDP","TOT","PC_CHGPP","Q","2022-Q2",-1.9,
"CHN","QGDP","TOT","PC_CHGPP","Q","2022-Q3",3.2,
"CHN","QGDP","TOT","PC_CHGPP","Q","2022-Q4",0.5,
"CHN","QGDP","TOT","PC_CHGPP","Q","2023-Q1",2.2,
"CHN","QGDP","TOT","PC_CHGPP","Q","2023-Q2",0.8,
"CHL","QGDP","TOT","PC_CHGPP","Q","2018-Q2",1.452668366,
"CHL","QGDP","TOT","PC_CHGPP","Q","2018-Q3",-0.348641695,
"CHL","QGDP","TOT","PC_CHGPP","Q","2018-Q4",1.188968886,
"CHL","QGDP","TOT","PC_CHGPP","Q","2019-Q1",-0.455114187,
"CHL","QGDP","TOT","PC_CHGPP","Q","2019-Q2",1.363130531,
"CHL","QGDP","TOT","PC_CHGPP","Q","2019-Q3",0.120598597,
"CHL","QGDP","TOT","PC_CHGPP","Q","2019-Q4",-4.067032825,
"CHL","QGDP","TOT","PC_CHGPP","Q","2020-Q1",2.57094174,
"CHL","QGDP","TOT","PC_CHGPP","Q","2020-Q2",-13.01603233,
"CHL","QGDP","TOT","PC_CHGPP","Q","2020-Q3",4.678455848,
"CHL","QGDP","TOT","PC_CHGPP","Q","2020-Q4",6.633412055,
"CHL","QGDP","TOT","PC_CHGPP","Q","2021-Q1",4.253519364,
"CHL","QGDP","TOT","PC_CHGPP","Q","2021-Q2",1.335369027,
"CHL","QGDP","TOT","PC_CHGPP","Q","2021-Q3",4.192711839,
"CHL","QGDP","TOT","PC_CHGPP","Q","2021-Q4",2.230821052,
"CHL","QGDP","TOT","PC_CHGPP","Q","2022-Q1",-0.790219858,
"CHL","QGDP","TOT","PC_CHGPP","Q","2022-Q2",-0.166120363,
"CHL","QGDP","TOT","PC_CHGPP","Q","2022-Q3",-1.231859679,
"CHL","QGDP","TOT","PC_CHGPP","Q","2022-Q4",0.038866162,
"CHL","QGDP","TOT","PC_CHGPP","Q","2023-Q1",0.405503204,
"CHL","QGDP","TOT","PC_CHGPP","Q","2023-Q2",-0.294673018,
"SWE","QGDP","TOT","PC_CHGPP","Q","2018-Q2",1.185445664,
"SWE","QGDP","TOT","PC_CHGPP","Q","2018-Q3",-0.86816234,
"SWE","QGDP","TOT","PC_CHGPP","Q","2018-Q4",1.375731302,
"SWE","QGDP","TOT","PC_CHGPP","Q","2019-Q1",0.374172274,
"SWE","QGDP","TOT","PC_CHGPP","Q","2019-Q2",0.874931438,
"SWE","QGDP","TOT","PC_CHGPP","Q","2019-Q3",-0.077381352,
"SWE","QGDP","TOT","PC_CHGPP","Q","2019-Q4",0.528502752,
"SWE","QGDP","TOT","PC_CHGPP","Q","2020-Q1",-0.47771131,
"SWE","QGDP","TOT","PC_CHGPP","Q","2020-Q2",-7.841166877,
"SWE","QGDP","TOT","PC_CHGPP","Q","2020-Q3",7.188757325,
"SWE","QGDP","TOT","PC_CHGPP","Q","2020-Q4",0.535908472,
"SWE","QGDP","TOT","PC_CHGPP","Q","2021-Q1",1.155629249,
"SWE","QGDP","TOT","PC_CHGPP","Q","2021-Q2",1.868947442,
"SWE","QGDP","TOT","PC_CHGPP","Q","2021-Q3",1.923632945,
"SWE","QGDP","TOT","PC_CHGPP","Q","2021-Q4",1.921793482,
"SWE","QGDP","TOT","PC_CHGPP","Q","2022-Q1",-0.659309631,
"SWE","QGDP","TOT","PC_CHGPP","Q","2022-Q2",1.154461993,
"SWE","QGDP","TOT","PC_CHGPP","Q","2022-Q3",0.196893459,
"SWE","QGDP","TOT","PC_CHGPP","Q","2022-Q4",-0.958361711,
"SWE","QGDP","TOT","PC_CHGPP","Q","2023-Q1",0.110159259,
"SWE","QGDP","TOT","PC_CHGPP","Q","2023-Q2",-1.52342753,
"FRA","QGDP","TOT","PC_CHGPP","Q","2018-Q2",0.462090522,
"FRA","QGDP","TOT","PC_CHGPP","Q","2018-Q3",0.44845019,
"FRA","QGDP","TOT","PC_CHGPP","Q","2018-Q4",0.523051241,
"FRA","QGDP","TOT","PC_CHGPP","Q","2019-Q1",0.688284706,
"FRA","QGDP","TOT","PC_CHGPP","Q","2019-Q2",0.699363652,
"FRA","QGDP","TOT","PC_CHGPP","Q","2019-Q3",0.081465337,
"FRA","QGDP","TOT","PC_CHGPP","Q","2019-Q4",-0.438676868,
"FRA","QGDP","TOT","PC_CHGPP","Q","2020-Q1",-5.25064063,
"FRA","QGDP","TOT","PC_CHGPP","Q","2020-Q2",-13.097672785,
"FRA","QGDP","TOT","PC_CHGPP","Q","2020-Q3",17.363092774,
"FRA","QGDP","TOT","PC_CHGPP","Q","2020-Q4",-0.670154956,
"FRA","QGDP","TOT","PC_CHGPP","Q","2021-Q1",0.073522421,
"FRA","QGDP","TOT","PC_CHGPP","Q","2021-Q2",0.988341132,
"FRA","QGDP","TOT","PC_CHGPP","Q","2021-Q3",2.921257712,
"FRA","QGDP","TOT","PC_CHGPP","Q","2021-Q4",0.528432907,
"FRA","QGDP","TOT","PC_CHGPP","Q","2022-Q1",-0.064587427,
"FRA","QGDP","TOT","PC_CHGPP","Q","2022-Q2",0.471986188,
"FRA","QGDP","TOT","PC_CHGPP","Q","2022-Q3",0.239582502,
"FRA","QGDP","TOT","PC_CHGPP","Q","2022-Q4",0.051181227,
"FRA","QGDP","TOT","PC_CHGPP","Q","2023-Q1",0.093348622,
"FRA","QGDP","TOT","PC_CHGPP","Q","2023-Q2",0.548615388,
"GRC","QGDP","TOT","PC_CHGPP","Q","2018-Q2",0.257661384,
"GRC","QGDP","TOT","PC_CHGPP","Q","2018-Q3",-0.150462992,
"GRC","QGDP","TOT","PC_CHGPP","Q","2018-Q4",0.75005196,
"GRC","QGDP","TOT","PC_CHGPP","Q","2019-Q1",0.719008521,
"GRC","QGDP","TOT","PC_CHGPP","Q","2019-Q2",1.067310468,
"GRC","QGDP","TOT","PC_CHGPP","Q","2019-Q3",-0.398685499,
"GRC","QGDP","TOT","PC_CHGPP","Q","2019-Q4",-0.335495079,
"GRC","QGDP","TOT","PC_CHGPP","Q","2020-Q1",-1.821785533,"P"
"GRC","QGDP","TOT","PC_CHGPP","Q","2020-Q2",-13.40500325,"P"
"GRC","QGDP","TOT","PC_CHGPP","Q","2020-Q3",5.355934108,"P"
"GRC","QGDP","TOT","PC_CHGPP","Q","2020-Q4",4.033416389,"P"
"GRC","QGDP","TOT","PC_CHGPP","Q","2021-Q1",3.330177063,"P"
"GRC","QGDP","TOT","PC_CHGPP","Q","2021-Q2",1.307206022,"P"
"GRC","QGDP","TOT","PC_CHGPP","Q","2021-Q3",3.199334083,"P"
"GRC","QGDP","TOT","PC_CHGPP","Q","2021-Q4",0.462162598,"P"
"GRC","QGDP","TOT","PC_CHGPP","Q","2022-Q1",2.601987605,"P"
"GRC","QGDP","TOT","PC_CHGPP","Q","2022-Q2",0.881055452,"P"
"GRC","QGDP","TOT","PC_CHGPP","Q","2022-Q3",0.170997609,"P"
"GRC","QGDP","TOT","PC_CHGPP","Q","2022-Q4",1.072025685,"P"
"GRC","QGDP","TOT","PC_CHGPP","Q","2023-Q1",-0.064008916,"P"
"COL","QGDP","TOT","PC_CHGPP","Q","2018-Q2",1.455478629,
"COL","QGDP","TOT","PC_CHGPP","Q","2018-Q3",0.842688185,
"COL","QGDP","TOT","PC_CHGPP","Q","2018-Q4",0.126006981,
"COL","QGDP","TOT","PC_CHGPP","Q","2019-Q1",1.096444665,
"COL","QGDP","TOT","PC_CHGPP","Q","2019-Q2",0.984936919,
"COL","QGDP","TOT","PC_CHGPP","Q","2019-Q3",0.980395289,
"COL","QGDP","TOT","PC_CHGPP","Q","2019-Q4",-0.199276089,
"COL","QGDP","TOT","PC_CHGPP","Q","2020-Q1",-1.365800504,
"COL","QGDP","TOT","PC_CHGPP","Q","2020-Q2",-16.30128927,
"COL","QGDP","TOT","PC_CHGPP","Q","2020-Q3",10.385167892,
"COL","QGDP","TOT","PC_CHGPP","Q","2020-Q4",5.921629645,
"COL","QGDP","TOT","PC_CHGPP","Q","2021-Q1",4.042549877,
"COL","QGDP","TOT","PC_CHGPP","Q","2021-Q2",-2.143959148,
"COL","QGDP","TOT","PC_CHGPP","Q","2021-Q3",5.388361915,
"COL","QGDP","TOT","PC_CHGPP","Q","2021-Q4",3.510155078,
"COL","QGDP","TOT","PC_CHGPP","Q","2022-Q1",1.201361592,
"COL","QGDP","TOT","PC_CHGPP","Q","2022-Q2",1.588397523,
"COL","QGDP","TOT","PC_CHGPP","Q","2022-Q3",0.8593646,
"COL","QGDP","TOT","PC_CHGPP","Q","2022-Q4",-1.660600998,
"COL","QGDP","TOT","PC_CHGPP","Q","2023-Q1",2.221733032,
"COL","QGDP","TOT","PC_CHGPP","Q","2023-Q2",-1.031297439,
"LTU","QGDP","TOT","PC_CHGPP","Q","2018-Q2",1.223678482,
"LTU","QGDP","TOT","PC_CHGPP","Q","2018-Q3",0.379053572,
"LTU","QGDP","TOT","PC_CHGPP","Q","2018-Q4",1.470920784,
"LTU","QGDP","TOT","PC_CHGPP","Q","2019-Q1",1.440882901,
"LTU","QGDP","TOT","PC_CHGPP","Q","2019-Q2",1.387521569,
"LTU","QGDP","TOT","PC_CHGPP","Q","2019-Q3",0.209191548,
"LTU","QGDP","TOT","PC_CHGPP","Q","2019-Q4",1.283051171,
"LTU","QGDP","TOT","PC_CHGPP","Q","2020-Q1",-0.305022596,
"LTU","QGDP","TOT","PC_CHGPP","Q","2020-Q2",-5.259967582,
"LTU","QGDP","TOT","PC_CHGPP","Q","2020-Q3",6.067886048,
"LTU","QGDP","TOT","PC_CHGPP","Q","2020-Q4",0.278560009,
"LTU","QGDP","TOT","PC_CHGPP","Q","2021-Q1",1.763489842,
"LTU","QGDP","TOT","PC_CHGPP","Q","2021-Q2",1.494910597,
"LTU","QGDP","TOT","PC_CHGPP","Q","2021-Q3",1.519930427,
"LTU","QGDP","TOT","PC_CHGPP","Q","2021-Q4",1.265391449,
"LTU","QGDP","TOT","PC_CHGPP","Q","2022-Q1",0.178306115,
"LTU","QGDP","TOT","PC_CHGPP","Q","2022-Q2",-0.718952252,
"LTU","QGDP","TOT","PC_CHGPP","Q","2022-Q3",0.653360882,
"LTU","QGDP","TOT","PC_CHGPP","Q","2022-Q4",-0.490592855,
"LTU","QGDP","TOT","PC_CHGPP","Q","2023-Q1",-2.069334517,
"LTU","QGDP","TOT","PC_CHGPP","Q","2023-Q2",2.840753266,
"CRI","QGDP","TOT","PC_CHGPP","Q","2018-Q2",1.08235362,
"CRI","QGDP","TOT","PC_CHGPP","Q","2018-Q3",-0.504684013,
"CRI","QGDP","TOT","PC_CHGPP","Q","2018-Q4",-0.665415601,
"CRI","QGDP","TOT","PC_CHGPP","Q","2019-Q1",1.511855744,
"CRI","QGDP","TOT","PC_CHGPP","Q","2019-Q2",1.481334202,
"CRI","QGDP","TOT","PC_CHGPP","Q","2019-Q3",0.180914015,
"CRI","QGDP","TOT","PC_CHGPP","Q","2019-Q4",0.547725005,
"CRI","QGDP","TOT","PC_CHGPP","Q","2020-Q1",-0.519354479,
"CRI","QGDP","TOT","PC_CHGPP","Q","2020-Q2",-7.811359255,
"CRI","QGDP","TOT","PC_CHGPP","Q","2020-Q3",1.078907166,
"CRI","QGDP","TOT","PC_CHGPP","Q","2020-Q4",3.072748274,
"CRI","QGDP","TOT","PC_CHGPP","Q","2021-Q1",3.681094975,
"CRI","QGDP","TOT","PC_CHGPP","Q","2021-Q2",2.15234734,
"CRI","QGDP","TOT","PC_CHGPP","Q","2021-Q3",3.06176166,
"CRI","QGDP","TOT","PC_CHGPP","Q","2021-Q4",0.360033424,
"CRI","QGDP","TOT","PC_CHGPP","Q","2022-Q1",0.547221412,
"CRI","QGDP","TOT","PC_CHGPP","Q","2022-Q2",0.656963976,
"CRI","QGDP","TOT","PC_CHGPP","Q","2022-Q3",0.973986283,
"CRI","QGDP","TOT","PC_CHGPP","Q","2022-Q4",1.676774862,
"CRI","QGDP","TOT","PC_CHGPP","Q","2023-Q1",1.037151003,
"CRI","QGDP","TOT","PC_CHGPP","Q","2023-Q2",1.309260068,
